id,prediction,rationale
59,1,Error: Cannot copy out of meta tensor; no data! Please use torch.nn.Module.to_empty() instead of torch.nn.Module.to() when moving module from meta to a different device.
95,1,Error: Cannot copy out of meta tensor; no data! Please use torch.nn.Module.to_empty() instead of torch.nn.Module.to() when moving module from meta to a different device.
60,1,Claim is consistent with the provided context.
136,1,Claim is consistent with the provided context.
111,1,Claim is consistent with the provided context.
124,1,Claim is consistent with the provided context.
135,1,Claim is consistent with the provided context.
27,1,Claim is consistent with the provided context.
110,1,Claim is consistent with the provided context.
42,1,Claim is consistent with the provided context.
56,1,Claim is consistent with the provided context.
80,1,Claim is consistent with the provided context.
28,1,Claim is consistent with the provided context.
101,1,Claim is consistent with the provided context.
91,1,Claim is consistent with the provided context.
24,1,Claim is consistent with the provided context.
119,1,Claim is consistent with the provided context.
93,1,Claim is consistent with the provided context.
72,1,Claim is consistent with the provided context.
16,1,Claim is consistent with the provided context.
30,1,Claim is consistent with the provided context.
97,1,Claim is consistent with the provided context.
22,1,Claim is consistent with the provided context.
53,1,Claim is consistent with the provided context.
58,1,Claim is consistent with the provided context.
81,1,Claim is consistent with the provided context.
47,1,Claim is consistent with the provided context.
7,1,Claim is consistent with the provided context.
121,1,Claim is consistent with the provided context.
129,1,Claim is consistent with the provided context.
51,1,Claim is consistent with the provided context.
127,1,Claim is consistent with the provided context.
133,1,Claim is consistent with the provided context.
52,1,Claim is consistent with the provided context.
114,1,Claim is consistent with the provided context.
2,1,Claim is consistent with the provided context.
33,1,Claim is consistent with the provided context.
15,1,Claim is consistent with the provided context.
82,1,Claim is consistent with the provided context.
37,1,Claim is consistent with the provided context.
3,1,Claim is consistent with the provided context.
103,1,Claim is consistent with the provided context.
94,1,Claim is consistent with the provided context.
85,1,Claim is consistent with the provided context.
21,1,Claim is consistent with the provided context.
49,1,Claim is consistent with the provided context.
140,1,Claim is consistent with the provided context.
64,1,Claim is consistent with the provided context.
131,1,Claim is consistent with the provided context.
61,1,Claim is consistent with the provided context.
86,1,Claim is consistent with the provided context.
38,1,Claim is consistent with the provided context.
132,1,Claim is consistent with the provided context.
77,1,Claim is consistent with the provided context.
70,1,Claim is consistent with the provided context.
115,1,Claim is consistent with the provided context.
78,1,Claim is consistent with the provided context.
87,1,Claim is consistent with the provided context.
75,1,Claim is consistent with the provided context.
44,1,Claim is consistent with the provided context.
